{
  "config": "C3_LoRA_vanilla",
  "variant": "vanilla",
  "adapter_dir": "/content/drive/MyDrive/finqa-rag-lora-ablation/checkpoints/c3_vanilla/final",
  "model": "google-t5/t5-base",
  "data_path": "data/processed/finqa_500.json",
  "n_samples": 500,
  "timestamp": "20260505_104048",
  "metrics": {
    "overall": {
      "n_samples": 500,
      "f1": 0.037333333333333336,
      "rouge_l": 0.037333333333333336
    },
    "by_stratum": {
      "numeric_simple": {
        "n_samples": 130,
        "f1": 0.007692307692307693,
        "rouge_l": 0.007692307692307693
      },
      "boolean_complex": {
        "n_samples": 10,
        "f1": 0.3,
        "rouge_l": 0.3
      },
      "boolean_simple": {
        "n_samples": 40,
        "f1": 0.3,
        "rouge_l": 0.3
      },
      "numeric_complex": {
        "n_samples": 60,
        "f1": 0.0,
        "rouge_l": 0.0
      },
      "percentage_complex": {
        "n_samples": 130,
        "f1": 0.01282051282051282,
        "rouge_l": 0.01282051282051282
      },
      "percentage_simple": {
        "n_samples": 130,
        "f1": 0.007692307692307693,
        "rouge_l": 0.007692307692307693
      }
    }
  }
}