{
  "config": "C4_LoRA_vanilla_RAG_bm25",
  "variant": "vanilla",
  "retriever": "bm25",
  "top_k": 5,
  "adapter_dir": "/content/drive/MyDrive/finqa-rag-lora-ablation/checkpoints/c3_vanilla/final",
  "model": "google-t5/t5-base",
  "data_path": "data/processed/finqa_500.json",
  "n_samples": 500,
  "timestamp": "20260505_151428",
  "qa_metrics": {
    "overall": {
      "n_samples": 500,
      "f1": 0.062,
      "rouge_l": 0.062,
      "format_match": 0.944,
      "numeric_tolerance@0.5": 0.184
    },
    "by_stratum": {
      "numeric_simple": {
        "n_samples": 130,
        "f1": 0.007692307692307693,
        "rouge_l": 0.007692307692307693,
        "format_match": 0.9076923076923077,
        "numeric_tolerance@0.5": 0.16923076923076924
      },
      "percentage_complex": {
        "n_samples": 130,
        "f1": 0.0,
        "rouge_l": 0.0,
        "format_match": 0.9769230769230769,
        "numeric_tolerance@0.5": 0.15384615384615385
      },
      "percentage_simple": {
        "n_samples": 130,
        "f1": 0.0,
        "rouge_l": 0.0,
        "format_match": 0.9692307692307692,
        "numeric_tolerance@0.5": 0.3
      },
      "numeric_complex": {
        "n_samples": 60,
        "f1": 0.0,
        "rouge_l": 0.0,
        "format_match": 0.9166666666666666,
        "numeric_tolerance@0.5": 0.18333333333333332
      },
      "boolean_complex": {
        "n_samples": 10,
        "f1": 0.6,
        "rouge_l": 0.6,
        "format_match": 1.0,
        "numeric_tolerance@0.5": 0.0
      },
      "boolean_simple": {
        "n_samples": 40,
        "f1": 0.6,
        "rouge_l": 0.6,
        "format_match": 0.9,
        "numeric_tolerance@0.5": 0.0
      }
    }
  },
  "retrieval_metrics": {
    "overall": {
      "n_queries_with_gold": 457,
      "recall@1": 0.38949671772428884,
      "recall@3": 0.5339168490153173,
      "recall@5": 0.5776805251641138,
      "mrr": 0.462837345003647
    },
    "by_stratum": {
      "boolean_complex": {
        "n": 10,
        "mrr": 0.325,
        "recall@1": 0.1,
        "recall@3": 0.6,
        "recall@5": 0.7
      },
      "boolean_simple": {
        "n": 36,
        "mrr": 0.36296296296296293,
        "recall@1": 0.25,
        "recall@3": 0.4722222222222222,
        "recall@5": 0.5277777777777778
      },
      "numeric_complex": {
        "n": 55,
        "mrr": 0.5848484848484848,
        "recall@1": 0.5272727272727272,
        "recall@3": 0.6545454545454545,
        "recall@5": 0.6545454545454545
      },
      "numeric_simple": {
        "n": 114,
        "mrr": 0.4788011695906433,
        "recall@1": 0.39473684210526316,
        "recall@3": 0.5614035087719298,
        "recall@5": 0.6140350877192983
      },
      "percentage_complex": {
        "n": 121,
        "mrr": 0.4951790633608815,
        "recall@1": 0.4297520661157025,
        "recall@3": 0.5619834710743802,
        "recall@5": 0.5867768595041323
      },
      "percentage_simple": {
        "n": 121,
        "mrr": 0.40110192837465564,
        "recall@1": 0.34710743801652894,
        "recall@3": 0.4380165289256198,
        "recall@5": 0.5041322314049587
      }
    }
  }
}